time,pitch,pitch_est,roll,roll_est
0.01,-0.004846147,-0.003590186,-0.008802238,-0.003851371
0.02,-0.003642418,-0.004556832,-0.008395134,-0.005722731
0.03,-0.002687744,-0.00521231,-0.008013857,-0.006355257
0.04,-0.00161425,-0.00712907,-0.007784704,-0.006942458
0.05,-0.000937133,-0.006282992,-0.007497217,-0.007166955
0.06,-0.000223923,-0.006196332,-0.007178334,-0.007289557
0.07,0.000133649,-0.006392616,-0.007019069,-0.007587654
0.08,0.000609847,-0.006763803,-0.00680682,-0.007508449
0.09,0.000961723,-0.006570724,-0.006640808,-0.006763531
0.1,0.00118821,-0.004727506,-0.006625073,-0.007803236
0.11,0.001867565,-0.007791378,-0.006488487,-0.004567331
0.12,0.001544362,-0.007771479,-0.005674935,-0.006463624
0.13,0.001747818,-0.006459738,-0.005777102,-0.007096464
0.14,0.001848116,-0.005902413,-0.005748307,-0.00660178
0.15,0.001753781,-0.006116211,-0.00578675,-0.007415541
0.16,0.001762932,-0.005985115,-0.005993898,-0.005316757
0.17,0.001691663,-0.007103306,-0.005782833,-0.007122395
0.18,0.001663404,-0.005926472,-0.005907993,-0.007370452
0.19,0.001401598,-0.005037664,-0.00554637,-0.008204023
0.2,0.001202349,-0.006022883,-0.005636671,-0.007773979
0.21,0.001084064,-0.005060805,-0.005804439,-0.0068661
0.22,0.000844598,-0.006009208,-0.00610521,-0.00651481
0.23,0.00071785,-0.006552923,-0.006428742,-0.008387994
0.24,0.000553037,-0.006202035,-0.006545108,-0.008139533
0.25,0.000269401,-0.006749141,-0.006450304,-0.007179301
0.26,-2.67E-05,-0.006357997,-0.006448477,-0.008396336
0.27,-0.000302266,-0.00721128,-0.006298582,-0.010619585
0.28,-0.000728365,-0.00658921,-0.006255527,-0.011002979
0.29,-0.000997763,-0.00689531,-0.006386118,-0.010124989
0.3,-0.000849502,-0.006658824,-0.006916743,-0.008455257
0.31,-0.000827267,-0.007938549,-0.007358487,-0.007312349
0.32,-0.000882495,-0.007505656,-0.007469452,-0.007342257
0.33,-0.001098876,-0.006226912,-0.007509232,-0.00839109
0.34,-0.001454407,-0.005616908,-0.007257065,-0.007735297
0.35,-0.001862281,-0.006172073,-0.006863627,-0.008072255
0.36,-0.002262176,-0.009427372,-0.006524232,-0.007191297
0.37,-0.002849331,-0.005795966,-0.006436819,-0.005158416
0.38,-0.002934003,-0.006953172,-0.006555369,-0.006964964
0.39,-0.002633154,-0.006861933,-0.007096054,-0.006418614
0.4,-0.002323277,-0.005723299,-0.007329675,-0.0074174
0.41,-0.002556294,-0.005183186,-0.007381137,-0.008033179
0.42,-0.002527812,-0.00539526,-0.007186486,-0.008595294
0.43,-0.002749751,-0.005110624,-0.007131703,-0.008375672
0.44,-0.003010727,-0.006427232,-0.007302811,-0.008163392
0.45,-0.003316324,-0.005657713,-0.007416514,-0.008405975
0.46,-0.003443902,-0.0058621,-0.007371456,-0.008154689
0.47,-0.003488016,-0.005836567,-0.007259599,-0.008043296
0.48,-0.003577898,-0.006907241,-0.00736577,-0.007247269
0.49,-0.003660833,-0.006718663,-0.007487541,-0.007606681
0.5,-0.003655473,-0.007199735,-0.007637813,-0.006719554
0.51,-0.003826891,-0.006253827,-0.007763208,-0.007459439
0.52,-0.003948821,-0.006026967,-0.00794675,-0.009007671
0.53,-0.00397009,-0.005639845,-0.008012231,-0.008724179
0.54,-0.004069869,-0.004802417,-0.008078219,-0.008942425
0.55,-0.004118844,-0.005114338,-0.007962178,-0.008209224
0.56,-0.004252628,-0.005714365,-0.007692536,-0.008704721
0.57,-0.004445678,-0.006266332,-0.007687487,-0.009419121
0.58,-0.00460932,-0.005565766,-0.007719853,-0.008685133
0.59,-0.004653508,-0.006436011,-0.007633407,-0.00734698
0.6,-0.004764435,-0.006395147,-0.007660855,-0.007763822
0.61,-0.004819869,-0.005623412,-0.007617781,-0.007855598
0.62,-0.004781647,-0.005595186,-0.007691571,-0.007414129
0.63,-0.004720142,-0.005859684,-0.007744663,-0.007930321
0.64,-0.004663677,-0.006466126,-0.007603918,-0.007695384
0.65,-0.004661289,-0.006515744,-0.00743788,-0.007247413
0.66,-0.004771541,-0.006255917,-0.007317044,-0.007252256
0.67,-0.004852023,-0.006958265,-0.007468603,-0.007122881
0.68,-0.004928798,-0.005489855,-0.00766255,-0.006302404
0.69,-0.004785818,-0.005992038,-0.007971838,-0.007576545
0.7,-0.004657689,-0.006370872,-0.008081033,-0.007626387
0.71,-0.005562602,0.006853931,-0.009227426,-0.01105314
0.72,-0.004901348,-0.002081853,-0.009476835,0.015203427
0.73,0.009021977,-0.006585757,-0.009455973,0.012914546
0.74,0.053453442,0.029794175,-0.009686733,0.008713611
0.75,0.099357232,0.06766731,-0.010326749,0.007167895
0.76,0.148173884,0.114410419,-0.011108599,0.004441671
0.77,0.188993171,0.169325391,-0.012271123,-0.009502129
0.78,0.232906073,0.20147923,-0.012598457,0.007667459
0.79,0.236924499,0.213312286,-0.012331272,0.004535857
0.8,0.244411498,0.217914827,-0.012071121,0.005827828
0.81,0.252179593,0.237089419,-0.011833292,-0.008370358
0.82,0.274530768,0.252708464,-0.011733585,-0.003834143
0.83,0.309396148,0.281875579,-0.012043414,0.002992777
0.84,0.347112894,0.316163099,-0.010164753,-0.000305579
0.85,0.369600326,0.34360418,-0.010355024,-0.003125555
0.86,0.371886104,0.356232906,-0.010174108,-0.007908599
0.87,0.375525951,0.360857525,-0.010204466,-0.009617176
0.88,0.374541909,0.356529211,-0.010151469,-0.009807062
0.89,0.380581886,0.366501187,-0.010111759,-0.009833113
0.9,0.386776745,0.369171429,-0.009935207,-0.009087965
0.91,0.389258236,0.374535227,-0.009722259,-0.009773561
0.92,0.385707259,0.372863707,-0.009777467,-0.010235267
0.93,0.381107956,0.369837077,-0.009710846,-0.011718947
0.94,0.375623077,0.364092945,-0.009778374,-0.009600237
0.95,0.37849474,0.363208435,-0.009692686,-0.008329458
0.96,0.380636603,0.367980171,-0.009674985,-0.008498609
0.97,0.378986478,0.365044375,-0.009761454,-0.009121419
0.98,0.377982259,0.361699355,-0.009700476,-0.009721772
0.99,0.37877363,0.362155711,-0.009666559,-0.009789658
1,0.376807183,0.360755644,-0.009645717,-0.009578511
1.01,0.373815536,0.35747424,-0.009702018,-0.009084306
1.02,0.373295248,0.355548585,-0.009760134,-0.009065713
1.03,0.371330827,0.352420824,-0.009540374,-0.010498885
1.04,0.362957388,0.345895206,-0.009598455,-0.011284668
1.05,0.350597531,0.34039115,-0.009998473,-0.01332382
1.06,0.302823246,0.317748582,-0.009718942,-0.023779616
1.07,0.250408798,0.256720104,-0.010001133,-0.016758817
1.08,0.227303654,0.226558453,-0.010644644,-0.014934038
1.09,0.22354126,0.215733731,-0.010846488,-0.013303972
1.1,0.213648185,0.205992578,-0.010671569,-0.014960517
1.11,0.185774758,0.182314704,-0.010493285,-0.017693056
1.12,0.147338778,0.147133358,-0.01024233,-0.019298036
1.13,0.104821026,0.106552156,-0.009675049,-0.021429418
1.14,0.051785786,0.02503916,-0.009056184,-0.012422736
1.15,0.030088807,0.014567987,-0.007311256,-0.012552912
1.16,0.026370199,0.004504173,-0.00668116,-0.007066211
1.17,0.026422182,0.00198308,-0.005540826,-0.005170367
1.18,0.026799183,-0.022360139,-0.005203088,-0.016291898
1.19,0.025556361,-0.013794147,-0.006149301,-0.01341476
1.2,0.025676258,-0.010636463,-0.005467106,-0.009590345
1.21,0.025557272,-0.007848424,-0.005410473,-0.008420799
1.22,0.025403881,-0.005981856,-0.005265624,-0.007974444
1.23,0.025451845,-0.006379498,-0.005247792,-0.007543617
1.24,0.024952132,-0.003293327,-0.004975363,-0.008093752
1.25,0.024489317,-0.005757451,-0.005199337,-0.007645382
1.26,0.023355603,-0.004952722,-0.005102767,-0.0043992
1.27,0.02178194,-0.007861135,-0.005038781,-0.005182147
1.28,0.019851523,-0.00732611,-0.003847611,-0.005725905
1.29,0.017421694,-0.010124869,-0.002570303,-0.047844262
1.3,0.00057867,-0.015088989,-0.003528426,-0.033292597
1.31,-0.045609184,-0.045191777,-0.002784359,-0.028352888
1.32,-0.109852105,-0.092156103,-0.002453842,-0.02337658
1.33,-0.16059348,-0.137201007,-0.001600513,-0.015119453
1.34,-0.209736094,-0.195771985,0.005053829,-0.016483296
1.35,-0.247982159,-0.236345744,0.004268037,-0.042107123
1.36,-0.280527383,-0.264360986,0.003004786,-0.022788543
1.37,-0.31794399,-0.301353421,0.003173569,-0.016794514
1.38,-0.360240966,-0.336796838,0.003690921,-0.010022593
1.39,-0.405881763,-0.37931777,0.004761748,-0.009488392
1.4,-0.450040132,-0.424001664,0.004681284,-0.012616784
1.41,-0.481854767,-0.456052251,0.005388772,-0.008230677
1.42,-0.508144379,-0.48079154,0.006267986,0.023897647
1.43,-0.531651855,-0.501812253,0.008260647,-0.020473448
1.44,-0.555791497,-0.522486879,0.006881546,-0.011872163
1.45,-0.581889749,-0.544588589,0.004904089,-0.01120275
1.46,-0.60776031,-0.56611881,0.004154691,-0.008919551
1.47,-0.630128324,-0.587741591,0.003387069,-0.01224921
1.48,-0.648930132,-0.604045046,0.00387693,-0.010242651
1.49,-0.666079879,-0.619673936,0.004389361,-0.008931371
1.5,-0.677630544,-0.629191138,0.004307836,-0.004136338
1.51,-0.684908986,-0.637987558,0.001606431,-0.001916445
1.52,-0.686418414,-0.644129833,0.000765015,-0.000213266
1.53,-0.679442227,-0.640166096,0.001074254,0.000238823
1.54,-0.672584951,-0.637979663,0.000843152,-0.001139585
1.55,-0.672738552,-0.636266878,0.001333434,-0.002193418
1.56,-0.674928606,-0.636164962,0.000779955,-0.002821596
1.57,-0.677064061,-0.637913024,0.000747051,-0.003939014
1.58,-0.678065479,-0.640855128,0.000803677,-0.002646543
1.59,-0.678196907,-0.639483081,0.000586628,-0.001832217
1.6,-0.677922368,-0.640346872,-0.002110216,-0.000527868
1.61,-0.677631617,-0.638405953,-0.002602303,0.000640809
1.62,-0.677853346,-0.639225569,-0.00219192,0.000786269
1.63,-0.676739991,-0.63742492,-0.00212652,0.000433147
1.64,-0.676398039,-0.637577459,-0.002810737,-0.001405292
1.65,-0.675370336,-0.636826655,-0.003243005,-0.000601982
1.66,-0.67218405,-0.635030282,-0.003187746,-0.001079223
1.67,-0.664282262,-0.631036495,-0.001407489,0.002708553
1.68,-0.642103016,-0.619497551,-0.002125381,0.003948892
1.69,-0.608727872,-0.595156829,-0.002372742,0.00539129
1.7,-0.579349279,-0.571966066,-0.002980168,0.003332732
1.71,-0.552667856,-0.549823331,-0.002682407,0.005041669
1.72,-0.524805665,-0.528344365,-0.002615872,0.005127355
1.73,-0.484583884,-0.497826051,-0.00361703,0.00858307
1.74,-0.428708017,-0.4528126,-0.00405864,0.009929879
1.75,-0.367582232,-0.405243105,-0.002590663,0.008874798
1.76,-0.30241999,-0.348440029,-0.003267934,0.007232061
1.77,-0.243427545,-0.28983569,-0.00300263,0.01080291
1.78,-0.211330026,-0.24959717,-0.006933766,0.001503425
1.79,-0.20774734,-0.239588041,-0.007835503,-0.000963108
1.8,-0.187334463,-0.216095511,-0.008893566,0.001576585
1.81,-0.148390263,-0.179219177,-0.008555684,0.00410169
1.82,-0.120335661,-0.15137379,-0.008098406,0.001179302
1.83,-0.099437781,-0.128643354,-0.008587995,0.001107011
1.84,-0.072060272,-0.101129157,-0.009104777,0.002192824
1.85,-0.039947458,-0.072839305,-0.009501308,0.000605777
1.86,-0.002988568,-0.03804895,-0.008144533,-0.02817673
1.87,-0.002468516,-0.024374011,-0.008720952,-0.015371713
1.88,-0.001278543,-0.018552941,-0.009089625,-0.011660676
1.89,-4.81E-05,-0.008255389,-0.009779988,-0.012117397
1.9,0.001396435,-0.007995974,-0.009972483,-0.008523999
1.91,0.001128852,-0.006435035,-0.009793607,-0.00819631
1.92,0.000843214,-0.006150369,-0.009619641,-0.008753012
1.93,0.000529185,-0.005839146,-0.009469784,-0.003753138
1.94,0.000242097,-0.00666968,-0.009498592,-0.006418003
1.95,-0.000293798,-0.003007319,-0.009479835,-0.006199272
1.96,-0.000672246,-0.005714371,-0.00864072,-0.008837001
1.97,-0.001254548,-0.014778361,-0.008878527,-0.007987583
1.98,-0.000930767,-0.019201582,-0.009614707,-0.00888648
1.99,-0.001377549,-0.011393369,-0.011207054,-0.009437398
2,-5.81E-05,-0.007111091,-0.014855483,-0.008037038
2.01,-0.000714809,-0.002513631,-0.03063415,-0.017900423
2.02,-0.002039331,0.001681419,-0.060429353,-0.036059664
2.03,-0.002846018,0.003315221,-0.101125211,-0.073642215
2.04,-0.003283425,0.004706994,-0.147673324,-0.141894321
2.05,-0.005208985,0.000918306,-0.179332212,-0.179511332
2.06,-0.005613304,0.000957265,-0.209531501,-0.206488486
2.07,-0.006086231,0.003106683,-0.24340944,-0.227606083
2.08,-0.00642053,0.002623484,-0.280548573,-0.256675897
2.09,-0.006546216,-0.001527091,-0.316692293,-0.288917615
2.1,-0.007251073,0.000987182,-0.349060833,-0.323588966
2.11,-0.007366158,0.004099107,-0.374234825,-0.34727777
2.12,-0.007245336,0.005479583,-0.39768368,-0.375918355
2.13,-0.008211571,0.004877838,-0.424258471,-0.404620359
2.14,-0.007760126,0.006686904,-0.45518285,-0.432780682
2.15,-0.007430816,0.007667521,-0.488671988,-0.447237153
2.16,-0.007367186,0.002969391,-0.526579201,-0.478804079
2.17,-0.008873609,0.009885403,-0.555299103,-0.502637495
2.18,-0.00852552,-0.002732562,-0.576785266,-0.520108134
2.19,-0.008897437,-0.002717232,-0.587765157,-0.541577545
2.2,-0.008131057,0.007865436,-0.59783715,-0.546558561
2.21,-0.008022007,0.002089165,-0.610547364,-0.569095482
2.22,-0.007946381,0.003817396,-0.621801376,-0.578208093
2.23,-0.007666395,0.001344889,-0.635990381,-0.593232845
2.24,-0.008068455,0.002111265,-0.65225178,-0.620988867
2.25,-0.009451172,0.00021866,-0.668296337,-0.612605758
2.26,-0.007958228,-0.005288658,-0.684438765,-0.621406411
2.27,-0.008246306,-0.00422856,-0.692382157,-0.623206097
2.28,-0.008073842,-0.003139788,-0.693920135,-0.633559107
2.29,-0.008579561,-0.002188565,-0.692338169,-0.636920486
2.3,-0.008652408,-0.001292269,-0.693852425,-0.641854346
2.31,-0.008523232,-0.000801376,-0.69330734,-0.645728825
2.32,-0.009241533,-0.00012064,-0.69449842,-0.644164332
2.33,-0.009283234,-0.002227806,-0.695963621,-0.6438905
2.34,-0.009371265,-0.001601666,-0.698835135,-0.643164248
2.35,-0.00869965,-0.001032246,-0.700155497,-0.644203059
2.36,-0.008156854,-0.000877599,-0.701218486,-0.644719879
2.37,-0.007704795,-0.001387798,-0.701299012,-0.643883639
2.38,-0.00834903,0.010496818,-0.695962965,-0.653896057
2.39,-0.006087317,0.004717004,-0.688098907,-0.637039351
2.4,-0.005008877,0.001433442,-0.681297541,-0.6303279
2.41,-0.007163292,-0.016699805,-0.665127218,-0.642204243
2.42,-0.005969664,0.001932462,-0.63919884,-0.619279457
2.43,-0.005770786,-0.002524432,-0.611434639,-0.584406095
2.44,-0.003714939,-0.017024168,-0.578724623,-0.582199791
2.45,-0.002480632,-0.013363128,-0.551231802,-0.552678749
2.46,-0.002570436,-0.000200371,-0.533768833,-0.499876458
2.47,-0.000167748,-0.005602351,-0.511361122,-0.472249265
2.48,-0.000832543,-0.009386945,-0.48463285,-0.468111049
2.49,-0.000199458,-0.01375546,-0.455206513,-0.473656752
2.5,0.000394575,-0.020823917,-0.424448639,-0.425113951
2.51,5.39E-05,-0.020105335,-0.389717489,-0.387652571
2.52,0.000285106,-0.024248245,-0.358424008,-0.376140897
2.53,0.000360381,-0.019879788,-0.329152077,-0.311941419
2.54,-0.000521358,-0.021112695,-0.29720211,-0.29868911
2.55,-0.000133153,-0.028864672,-0.2665371,-0.251586939
2.56,-0.000298284,-0.025654994,-0.232971191,-0.23071142
2.57,0.000213888,-0.023268632,-0.196644381,-0.227677571
2.58,0.001291145,-0.014716363,-0.177183777,-0.191272768
2.59,0.002405657,-0.011353191,-0.156283394,-0.163322559
2.6,0.002528532,-0.010834177,-0.129347831,-0.140666085
2.61,0.002600634,-0.013631704,-0.09265694,-0.11077375
2.62,0.003383855,-0.011554435,-0.054567024,-0.06733126
2.63,0.00363044,-0.011988416,-0.026566355,-0.035928725
2.64,0.00088379,-0.011602564,-0.02057709,-0.018091258
2.65,-0.000967381,-0.006983776,-0.01731441,-0.017620876
2.66,0.00028891,-0.006255105,-0.017237475,-0.018081963
2.67,-6.79E-05,-0.006521043,-0.017220436,-0.013346146
2.68,-0.000350924,-0.00713282,-0.015762636,-0.011816281
2.69,-0.000635639,-0.006723369,-0.014465569,-0.010339907
2.7,-0.000876576,-0.007221359,-0.013386101,-0.009317821
2.71,-0.000968394,-0.006870112,-0.01231626,-0.008252678
2.72,-0.001094548,-0.007446553,-0.011327613,-0.007816002
2.73,-0.0012507,-0.007001277,-0.010419262,-0.007675465
2.74,-0.001288588,-0.007760093,-0.009570531,-0.00823931
2.75,-0.001432409,-0.005312034,-0.008469468,-0.009241485
2.76,-0.001362778,-0.005111831,-0.007385985,-0.010787634
2.77,-0.001918232,-0.006513466,-0.00654796,-0.009124893
2.78,-0.00235435,-0.005302201,-0.005670134,-0.003144785
2.79,-0.002477062,-0.005155385,-0.004620691,-0.005727247
2.8,-0.0028757,-0.00597296,0.000778841,-0.00430464
2.81,-0.003050779,-0.010470421,0.024256624,0.012682111
2.82,-0.002319902,-0.015119016,0.058511764,0.037978382
2.83,-0.0016227,-0.017831153,0.104572654,0.075638125
2.84,-0.001905569,-0.02094529,0.153138876,0.213887596
2.85,-0.00109452,-0.015801678,0.214625031,0.184063761
2.86,-0.000527889,-0.03296876,0.26532042,0.192478392
2.87,-0.004817415,-0.0259852,0.31003952,0.247875087
2.88,-0.006491155,-0.035638987,0.337610483,0.28089436
2.89,-0.010592719,-0.028797221,0.364554346,0.317312492
2.9,-0.015053468,-0.041500945,0.392198622,0.351556927
2.91,-0.018102577,-0.040570231,0.415925086,0.380251114
2.92,-0.020614758,-0.034311078,0.439019412,0.399554734
2.93,-0.017910901,-0.03911996,0.462330431,0.419862004
2.94,-0.018944353,-0.034341173,0.491793871,0.442304052
2.95,-0.018559717,-0.038297507,0.521083713,0.469719245
2.96,-0.020654686,-0.025266901,0.542073846,0.493475628
2.97,-0.022927295,-0.036575809,0.560599566,0.496986203
2.98,-0.025106058,-0.03583019,0.575825632,0.528577984
2.99,-0.024186317,-0.035044416,0.590731263,0.53307168
3,-0.026272101,-0.037258252,0.608716369,0.547059821
3.01,-0.02846369,-0.043003944,0.630399168,0.55974766
3.02,-0.029460579,-0.059417705,0.645490766,0.576953811
3.03,-0.026127927,-0.02866517,0.659675539,0.628984332
3.04,-0.024514239,-0.023909003,0.670792401,0.624366115
3.05,-0.025068793,-0.027067753,0.679059148,0.620233493
3.06,-0.025681995,-0.027091595,0.683319092,0.619107773
3.07,-0.025618643,-0.031287598,0.684026837,0.617241836
3.08,-0.025452232,-0.030933578,0.6828444,0.616381392
3.09,-0.025059849,-0.031449851,0.681190252,0.614508653
3.1,-0.024805557,-0.030959074,0.681217611,0.613252347
3.11,-0.024510872,-0.029455322,0.680415332,0.612272544
3.12,-0.024345865,-0.03045274,0.679780304,0.613207701
3.13,-0.024004769,-0.030250177,0.677470624,0.610879955
3.14,-0.023699565,-0.032045204,0.675418139,0.610849356
3.15,-0.023320911,-0.03044463,0.672733545,0.60831038
3.16,-0.022646395,-0.027879753,0.668141603,0.604760506
3.17,-0.020753711,-0.024884922,0.656880021,0.598188664
3.18,-0.031374507,-0.026486097,0.646284401,0.580227716
3.19,-0.032884058,-0.025330726,0.619036853,0.56771886
3.2,-0.030709026,-0.044478365,0.584984481,0.550703732
3.21,-0.039752953,-0.021719047,0.570442617,0.530521713
3.22,-0.03411293,-0.024306414,0.536620855,0.506303065
3.23,-0.029433418,-0.02215568,0.504970729,0.474995867
3.24,-0.026154967,-0.018893451,0.471094102,0.448520315
3.25,-0.023189239,-0.019687502,0.435717821,0.41959828
3.26,-0.019310601,-0.017393526,0.407498002,0.393455996
3.27,-0.014168081,-0.014252309,0.379924446,0.366309753
3.28,-0.011725515,-0.022974697,0.351123273,0.355962125
3.29,-0.011316332,-0.015800388,0.325689077,0.328886018
3.3,-0.010060212,-0.014517229,0.303907663,0.291562535
3.31,-0.008858319,-0.022787213,0.275713444,0.252765348
3.32,-0.009315261,-0.021829807,0.251841784,0.230235651
3.33,-0.008876269,-0.021522675,0.231109828,0.178124362
3.34,-0.008495709,-0.014629803,0.212143585,0.177928756
3.35,-0.00841132,-0.013916634,0.193131,0.168604202
3.36,-0.00829388,-0.009433839,0.172974959,0.155807565
3.37,-0.0080386,-0.00913997,0.159940317,0.14161633
3.38,-0.007437193,-0.008744901,0.151876166,0.162964568
3.39,-0.006844887,-0.005957145,0.143175319,0.137463028
3.4,-0.006628267,-0.005733668,0.125667632,0.113621823
3.41,-0.006980659,-0.005148924,0.100501634,0.082693696
3.42,-0.007040138,-0.004997691,0.078128077,0.064683175
3.43,-0.006871946,-0.006030928,0.061894268,0.045097804
3.44,-0.007124078,-0.007868088,0.045658041,0.02659874
3.45,-0.007109214,-0.005406665,0.033437099,-0.01473932
3.46,-0.008211772,-0.007576703,0.02036483,-0.008767479
3.47,-0.008114206,-0.008797778,0.015056587,-0.008362875
3.48,-0.00761182,-0.00910057,0.012450512,-0.007910736
3.49,-0.007075835,-0.01650386,0.010299253,-0.034012736
3.5,-0.007329244,-0.01271363,0.008537292,-0.021478424
3.51,-0.007412351,-0.011882221,0.008275059,-0.015583325
3.52,-0.007491284,-0.010242102,0.007701077,-0.011329249
3.53,-0.006824069,-0.009176547,0.005856936,-0.012165472
3.54,-0.007574448,-0.006703669,0.00367066,0.017194681
3.55,-0.009691656,-0.000863165,-0.010274946,-0.007619094
3.56,-0.010543916,-0.003378295,-0.054103721,-0.036104336
3.57,-0.012237821,0.000388583,-0.095570602,-0.076405477
3.58,-0.012651192,-0.001430938,-0.138304129,-0.107146038
3.59,-0.012902722,-0.008491824,-0.161452919,-0.15237775
3.6,-0.012218608,-0.016111781,-0.153539389,-0.165949113
3.61,-0.010785931,-0.016729511,-0.129456699,-0.151670374
3.62,-0.008623938,-0.019426201,-0.101848423,-0.133973705
3.63,-0.009606975,-0.022058583,-0.065637648,-0.068441504
3.64,-0.008226229,-0.022401685,-0.023850927,-0.042936001
3.65,-0.007444927,-0.016206193,-0.003623092,-0.025330927
3.66,-0.007440932,-0.013671831,-0.001181006,-0.015721634
3.67,-0.006901821,-0.010730228,-0.000490285,-0.010790026
3.68,-0.006802332,-0.009312417,-0.001304595,-0.009644015
3.69,-0.009131092,-0.009310405,-0.005556926,0.014963626
3.7,-0.009607472,-0.001623821,-0.035736538,-0.051419188
3.71,-0.009794176,-0.001695834,-0.082757734,-0.072024585
3.72,-0.010363105,-0.000542954,-0.123070776,-0.106990332
3.73,-0.011711857,-0.002063573,-0.160504967,-0.139453945
3.74,-0.012239091,-0.002820866,-0.191963628,-0.177334856
3.75,-0.012520789,0.010952474,-0.215804428,-0.156512104
3.76,-0.010781623,0.001861454,-0.21685195,-0.225277149
3.77,-0.01069362,-0.002140976,-0.206123248,-0.223073486
3.78,-0.009789713,-0.013640189,-0.163009658,-0.187958295
3.79,-0.00756664,-0.017626067,-0.113460191,-0.149756558
3.8,-0.007039939,-0.026653212,-0.057290733,-0.102323101
3.81,-0.003450067,-0.015983151,-0.016293142,-0.055149389
3.82,-0.002944962,-0.013266185,-0.013310081,-0.031224871
3.83,-0.002890861,-0.010863538,-0.011479046,-0.018636077
3.84,-0.003422552,-0.010846054,-0.009652838,-0.011874653
3.85,-0.003874027,-0.010584348,-0.008057441,-0.008837131
3.86,-0.004245712,-0.018331596,-5.76E-05,-0.002759318
3.87,-0.003911878,-0.023707007,0.053880021,0.033310977
3.88,-0.003315988,-0.018351321,0.117420003,0.101810936
3.89,-0.004204584,-0.016560946,0.163674846,0.136851026
3.9,-0.005055322,-0.027397331,0.196486175,0.171033336
3.91,-0.005855579,-0.019206817,0.206992567,0.195230248
3.92,-0.006370737,-0.013330679,0.187740415,0.194932134
3.93,-0.006838956,-0.008633038,0.150967002,0.164095086
3.94,-0.006858119,-0.002323666,0.107909322,0.125394023
3.95,-0.006585156,-0.000893904,0.058828298,0.088506023
3.96,-0.007717821,-0.004423744,-0.001651798,0.035774998
3.97,-0.007898424,-0.007513858,-0.004048734,0.012892159
3.98,-0.007723115,-0.009150925,-0.002921539,0.001578808
3.99,-0.00832314,-0.017301795,0.001175632,-0.010175189
4,-0.007970869,-0.021585806,0.03299661,0.008174788
4.01,-0.007424915,-0.02536002,0.083050296,0.045566596
4.02,-0.006320079,-0.020530103,0.139792204,0.098365696
4.03,-0.006590205,-0.029551828,0.164261758,0.13580428
4.04,-0.007512469,-0.019161241,0.168652967,0.155963407
4.05,-0.007218737,-0.011885949,0.150947958,0.145568277
4.06,-0.006703721,-0.007444012,0.121555433,0.129727848
4.07,-0.006976907,-0.001947296,0.073804975,0.094521953
4.08,-0.007674729,-0.002013763,0.022028813,0.043349792
4.09,-0.006405989,-0.005960792,0.000549681,0.014195487
4.1,-0.005950428,-0.007042425,-0.001245388,0.000745165
4.11,-0.00622237,-0.00898552,-0.000999514,-0.004793755
4.12,-0.008391974,-0.005014623,-6.81E-05,-0.000781733
4.13,-0.03067985,-0.014511008,0.002296532,-0.012904212
4.14,-0.100673474,-0.067848413,0.003029266,-0.02269106
4.15,-0.172138974,-0.126649167,0.002571284,-0.020092969
4.16,-0.22765176,-0.190505908,0.00355987,0.008448857
4.17,-0.250859976,-0.231327279,0.005426771,-0.010019969
4.18,-0.262864918,-0.235166972,0.005236929,-0.001167041
4.19,-0.243342012,-0.260946086,0.003698859,-0.005423986
4.2,-0.189121276,-0.224697165,0.004924875,0.007094505
4.21,-0.101348445,-0.153867328,0.002997218,0.01031426
4.22,-0.000299513,-0.081241817,-0.001351694,-0.010162707
4.23,-0.001047344,-0.050172445,9.01E-05,-0.005946
4.24,-0.001853082,-0.029576879,6.68E-06,-0.006987418
4.25,-0.002574962,-0.023261349,-7.35E-05,-0.007245467
4.26,-0.003784454,-0.015857973,-0.00016218,-0.009488633
4.27,-0.005915454,-0.015861508,0.001423002,-0.029106587
4.28,-0.02252611,-0.016776364,0.001893115,-0.026577565
4.29,-0.078090765,-0.054019725,0.003180064,-0.025426358
4.3,-0.165829152,-0.123094776,0.003928139,-0.026457688
4.31,-0.228039011,-0.186495124,0.004012767,-0.000856287
4.32,-0.256607145,-0.217203813,0.004862925,0.000395632
4.33,-0.268400043,-0.242330271,0.004466848,0.007185186
4.34,-0.260670394,-0.276910215,0.004905131,0.005702549
4.35,-0.240125507,-0.263377702,0.004818371,0.005310557
4.36,-0.20234181,-0.229993208,0.005737245,0.006087066
4.37,-0.154917836,-0.189045425,0.005313946,0.009675727
4.38,-0.106206544,-0.139684782,0.004140057,0.008637595
4.39,-0.057535648,-0.103434297,0.003399475,0.001074577
4.4,-0.008588213,-0.06176928,0.00338162,-0.006136536
4.41,-0.008581315,-0.038332677,0.003821046,-0.005264251
4.42,-0.008839564,-0.02729383,0.003143733,-0.006893513
4.43,-0.009171342,-0.02034022,0.002618067,-0.009232172
4.44,-0.009933524,-0.017909034,0.002130732,-0.009006878
4.45,-0.013735704,-0.013325453,0.002372093,-0.011819883
4.46,-0.040273141,-0.027418799,0.003311369,-0.016694316
4.47,-0.094300307,-0.06490089,0.005009754,-0.019137746
4.48,-0.15974392,-0.124818543,0.005500188,-0.024224299
4.49,-0.215068549,-0.183767061,0.005525624,-0.021883074
4.5,-0.242548987,-0.220528497,0.005531192,-0.021807122
4.51,-0.259606391,-0.243872339,0.007957601,-0.015245629
4.52,-0.258236647,-0.252695141,0.006041543,-0.015644037
4.53,-0.253598362,-0.25298095,0.005172088,-0.012140721
4.54,-0.247452706,-0.253350383,0.003726661,-0.011057784
4.55,-0.219694167,-0.232162831,0.004381987,-0.005439587
4.56,-0.179346025,-0.202160482,0.004576688,0.000980499
4.57,-0.138091192,-0.166782025,0.003978097,0.00239447
4.58,-0.091225088,-0.124562632,0.003149752,0.004474709
4.59,-0.037508842,-0.069481627,0.00179983,0.008057778
4.6,-0.010713049,-0.038308529,-0.000245349,0.001340391
4.61,-0.010840254,-0.025958659,-0.000249353,-0.00552263
4.62,-0.010540216,-0.019490591,-0.000737966,-0.006996679
4.63,-0.010207864,-0.016141628,-0.000759066,-0.007161118
4.64,-0.009708488,-0.015452427,-0.001069825,-0.007899557
4.65,-0.008699229,-0.013753973,-0.001340822,-0.007751595
4.66,-0.003375205,-0.020440658,-0.004219264,-0.008624916
4.67,0.034284245,0.00246355,-0.003916468,-0.00053089
4.68,0.110384561,0.058400899,-0.004395882,0.001948482
4.69,0.164986923,0.166538082,-0.004805332,0.00630484
4.7,0.222716853,0.200951904,-0.006608324,-0.00314997
4.71,0.247966826,0.202983783,-0.009405886,-0.020765052
4.72,0.227628902,0.211095288,-0.004097599,-0.018550236
4.73,0.21387431,0.211151106,-0.004479295,-0.018403441
4.74,0.184097573,0.188365047,-0.002709559,-0.015898225
4.75,0.134769246,0.144489354,-0.000482802,-0.021454952
4.76,0.064861231,0.097055353,0.00048791,-0.027374774
4.77,0.010792037,0.0439973,-0.004807625,-0.019736845
4.78,0.008571229,0.016167678,-0.00490263,-0.013972952
4.79,0.00819815,0.002797346,-0.004499626,-0.010198865
4.8,0.008796297,-0.017191724,-0.004578793,0.017078417
4.81,0.042271782,0.022676016,-0.005860663,-0.019133719
4.82,0.110417753,0.067566237,-0.007084298,-0.006253087
4.83,0.204161391,0.172287906,-0.0068914,0.027161377
4.84,0.26736787,0.21734195,-0.008070869,0.002177965
4.85,0.268681705,0.230733341,-0.004391175,0.003170874
4.86,0.2514911,0.239305441,-0.002652978,-0.012527209
4.87,0.223391175,0.219901282,-0.002953176,-0.021416514
4.88,0.181383729,0.190410298,-0.002952884,-0.023562337
4.89,0.124927163,0.162711872,-0.001581222,-0.03662303
4.9,0.026533572,-0.168835656,0.001602306,-0.053501644
4.91,-0.010006112,-0.091515135,-0.0036863,-0.032445656
4.92,-0.01003969,-0.047985474,-0.002119185,-0.026735495
4.93,-0.008116893,-0.029089282,-0.000347756,-0.017428722
4.94,-0.007947342,-0.017098328,-0.000158879,-0.012203248
4.95,-0.007944359,-0.013148171,-0.000179123,-0.007645848
4.96,-0.007650524,-0.010948859,7.60E-05,-0.006922872
4.97,-0.007764445,-0.008121484,0.000276001,-0.008847026
4.98,-0.007561204,-0.008908211,0.000286429,-0.00810238
4.99,-0.007469932,-0.00842229,0.00042736,-0.007157605
5,-0.007339245,-0.008443099,0.000555366,-0.006323389
5.01,-0.007200169,-0.008789625,0.000506214,-0.005649767
5.02,-0.007076111,-0.007560062,0.000548876,-0.007749647
5.03,-0.006987898,-0.008148489,0.000721641,-0.00746063
5.04,-0.006962357,-0.007354644,0.000844218,-0.00937878
5.05,-0.0069602,-0.007924433,0.00098704,-0.008631068
5.06,-0.006941599,-0.008060675,0.001177907,-0.008031114
5.07,-0.00693947,-0.007540954,0.001165804,-0.00713721
5.08,-0.00685506,-0.008120243,0.001192659,-0.006811078
5.09,-0.00678026,-0.007464674,0.001274729,-0.007464577
5.1,-0.006779238,-0.007845614,0.001263316,-0.008660404
5.11,-0.006699134,-0.008642438,0.001203893,-0.008039755
5.12,-0.006749932,-0.007710301,0.001239053,-0.007967642
5.13,-0.006568891,-0.008599122,0.001201507,-0.007213979
5.14,-0.006562667,-0.008267285,0.001355181,-0.008281355
5.15,-0.006415732,-0.008728747,0.001239074,-0.007699172
5.16,-0.006253583,-0.007626077,0.001335476,-0.008152995
